{
	"info": {
		"_postman_id": "c80b932b-0a0b-4eb5-9bff-3c8ef25c74cf",
		"name": "Reqres.in",
		"schema": "https://schema.getpostman.com/json/collection/v2.1.0/collection.json",
		"_exporter_id": "611814"
	},
	"item": [
		{
			"name": "GetReq1",
			"event": [
				{
					"listen": "test",
					"script": {
						"exec": [
							"pm.test(\"Status code is 200\", function () {\r",
							"    pm.response.to.have.status(200);\r",
							"});\r",
							"\r",
							"pm.test(\"Logic function\",function(){\r",
							"     var jsonData = pm.response.json();\r",
							"     var page = jsonData[\"page\"];\r",
							"     if(page == 2){\r",
							"       postman.setNextRequest(\"GetReq3\")\r",
							"     }\r",
							"\r",
							"})"
						],
						"type": "text/javascript"
					}
				}
			],
			"request": {
				"method": "GET",
				"header": [],
				"url": {
					"raw": "https://reqres.in/api/users?page=2",
					"protocol": "https",
					"host": [
						"reqres",
						"in"
					],
					"path": [
						"api",
						"users"
					],
					"query": [
						{
							"key": "page",
							"value": "2"
						}
					]
				}
			},
			"response": []
		},
		{
			"name": "PostReq2",
			"event": [
				{
					"listen": "test",
					"script": {
						"exec": [
							"pm.test(\"Status code is 201\", function () {\r",
							"    pm.response.to.have.status(201);\r",
							"});"
						],
						"type": "text/javascript"
					}
				}
			],
			"request": {
				"method": "POST",
				"header": [],
				"body": {
					"mode": "raw",
					"raw": "{\r\n            \"email\": \"michael.lawson@reqres.in\",\r\n            \"first_name\": \"Michael\",\r\n            \"last_name\": \"Lawson\",\r\n            \"avatar\": \"https://reqres.in/img/faces/7-image.jpg\"\r\n        }",
					"options": {
						"raw": {
							"language": "json"
						}
					}
				},
				"url": {
					"raw": "https://reqres.in/api/users",
					"protocol": "https",
					"host": [
						"reqres",
						"in"
					],
					"path": [
						"api",
						"users"
					]
				}
			},
			"response": []
		},
		{
			"name": "GetReq3",
			"event": [
				{
					"listen": "test",
					"script": {
						"exec": [
							"pm.test(\"Response time is less than 200ms\", function () {\r",
							"    pm.expect(pm.response.responseTime).to.be.below(200);\r",
							"});"
						],
						"type": "text/javascript"
					}
				}
			],
			"request": {
				"method": "GET",
				"header": [],
				"url": {
					"raw": "https://reqres.in/api/users?page=2",
					"protocol": "https",
					"host": [
						"reqres",
						"in"
					],
					"path": [
						"api",
						"users"
					],
					"query": [
						{
							"key": "page",
							"value": "2"
						}
					]
				}
			},
			"response": []
		}
	]
}