{
	"info": {
		"_postman_id": "66677259-c4e5-4851-ad24-75f33f0ae394",
		"name": "RestFul BOOKER API1X",
		"schema": "https://schema.getpostman.com/json/collection/v2.1.0/collection.json",
		"_exporter_id": "611814"
	},
	"item": [
		{
			"name": "Ping",
			"event": [
				{
					"listen": "test",
					"script": {
						"exec": [
							"pm.globals.set(\"gSid2\",\"addada\");",
							"",
							"pm.globals.set(\"k\", \"v\");",
							"",
							"pm.environment.set(\"variable_key\", \"variable_value\");",
							"",
							"pm.collectionVariables.get(\"variable_key\");",
							"",
							"pm.variables.get(\"variable_key\");",
							"",
							"pm.collectionVariables.set(\"cV\", \"Cdadasd\");"
						],
						"type": "text/javascript"
					}
				}
			],
			"request": {
				"method": "GET",
				"header": [],
				"url": {
					"raw": "{{url}}/auth",
					"host": [
						"{{url}}"
					],
					"path": [
						"auth"
					]
				}
			},
			"response": []
		},
		{
			"name": "Craete a Token",
			"event": [
				{
					"listen": "test",
					"script": {
						"exec": [
							"pm.environment.set(\"gTokenRestEnv\",pm.response.json()[\"token\"]);",
							"console.log(pm.response.json()[\"token\"]);",
							""
						],
						"type": "text/javascript"
					}
				}
			],
			"request": {
				"method": "POST",
				"header": [],
				"body": {
					"mode": "raw",
					"raw": "{\n    \"username\" : \"admin\",\n    \"password\" : \"password123\"\n}",
					"options": {
						"raw": {
							"language": "json"
						}
					}
				},
				"url": {
					"raw": "https://restful-booker.herokuapp.com/auth",
					"protocol": "https",
					"host": [
						"restful-booker",
						"herokuapp",
						"com"
					],
					"path": [
						"auth"
					]
				}
			},
			"response": []
		},
		{
			"name": "Booking - GetBookingIds Head",
			"event": [
				{
					"listen": "test",
					"script": {
						"exec": [
							"pm.globals.set(\"gToken\",\"pramodToekn\");"
						],
						"type": "text/javascript"
					}
				}
			],
			"request": {
				"method": "HEAD",
				"header": [],
				"url": {
					"raw": "{{gURL}}/booking",
					"host": [
						"{{gURL}}"
					],
					"path": [
						"booking"
					]
				}
			},
			"response": []
		},
		{
			"name": "Booking - GetBookingIds",
			"request": {
				"method": "GET",
				"header": [],
				"url": {
					"raw": "https://restful-booker.herokuapp.com/booking",
					"protocol": "https",
					"host": [
						"restful-booker",
						"herokuapp",
						"com"
					],
					"path": [
						"booking"
					]
				}
			},
			"response": []
		},
		{
			"name": "Single GetBooking",
			"request": {
				"method": "GET",
				"header": []
			},
			"response": []
		},
		{
			"name": "Single GetBooking Copy",
			"event": [
				{
					"listen": "test",
					"script": {
						"exec": [
							"// Write your Test Cases",
							"",
							"// Assertion - Statement that you stronlgy believe is true.",
							"// Acutal Result == Expected Result",
							"",
							"// pm.* - Postman JS API to Write your Test",
							"//pm.test(). // 2",
							"pm.test(\"Response Should be Ok\",function(){",
							"",
							"   // Assertion",
							"   pm.response.to.be.ok;",
							"",
							"   // chaiJS - present here",
							"",
							"});",
							"",
							"",
							"",
							"pm.test(\"Status code is 200\", function () {",
							"    pm.response.to.have.status(200);",
							"});",
							"",
							"pm.test(\"Body matches string with value firstname\", function () {",
							"    pm.expect(pm.response.text()).to.include(\"firstname\");",
							"});",
							"",
							"",
							"",
							"",
							"",
							"",
							""
						],
						"type": "text/javascript"
					}
				}
			],
			"request": {
				"method": "GET",
				"header": [],
				"url": {
					"raw": "https://restful-booker.herokuapp.com/booking/3",
					"protocol": "https",
					"host": [
						"restful-booker",
						"herokuapp",
						"com"
					],
					"path": [
						"booking",
						"3"
					]
				}
			},
			"response": []
		},
		{
			"name": "Create Request Pramod",
			"event": [
				{
					"listen": "prerequest",
					"script": {
						"exec": [
							"var random = Math.floor(Math.random()*100);",
							"console.log(random);",
							"pm.variables.set(\"random\",random);"
						],
						"type": "text/javascript"
					}
				},
				{
					"listen": "test",
					"script": {
						"exec": [
							"pm.environment.set(\"bookingid\",pm.response.json()[\"bookingid\"]);"
						],
						"type": "text/javascript"
					}
				}
			],
			"request": {
				"method": "POST",
				"header": [
					{
						"key": "Content-Type",
						"value": "application/json",
						"type": "text"
					},
					{
						"key": "Accept",
						"value": "application/json",
						"type": "text"
					}
				],
				"body": {
					"mode": "raw",
					"raw": "{\n    \"firstname\": \"Pramod{{random}}\",\n    \"lastname\": \"Dutta\",\n    \"totalprice\": 10000,\n    \"depositpaid\": true,\n    \"bookingdates\": {\n        \"checkin\": \"2022-12-28\",\n        \"checkout\": \"2023-01-02\"\n    },\n    \"additionalneeds\": \"Breakfast\"\n}",
					"options": {
						"raw": {
							"language": "json"
						}
					}
				},
				"url": {
					"raw": "https://restful-booker.herokuapp.com/booking",
					"protocol": "https",
					"host": [
						"restful-booker",
						"herokuapp",
						"com"
					],
					"path": [
						"booking"
					]
				}
			},
			"response": []
		},
		{
			"name": "Update the  Booking",
			"request": {
				"method": "PUT",
				"header": [
					{
						"key": "Cookie",
						"value": "token={{gTokenRestEnv}}",
						"type": "text"
					}
				],
				"body": {
					"mode": "raw",
					"raw": "{\n    \"firstname\" : \"James\",\n    \"lastname\" : \"Brown\",\n    \"totalprice\" : 111,\n    \"depositpaid\" : true,\n    \"bookingdates\" : {\n        \"checkin\" : \"2018-01-01\",\n        \"checkout\" : \"2019-01-01\"\n    },\n    \"additionalneeds\" : \"Breakfast\"\n}",
					"options": {
						"raw": {
							"language": "json"
						}
					}
				},
				"url": {
					"raw": "https://restful-booker.herokuapp.com/booking/{{bookingid}}",
					"protocol": "https",
					"host": [
						"restful-booker",
						"herokuapp",
						"com"
					],
					"path": [
						"booking",
						"{{bookingid}}"
					]
				}
			},
			"response": []
		},
		{
			"name": "Partial Update the  Booking",
			"request": {
				"auth": {
					"type": "noauth"
				},
				"method": "PATCH",
				"header": [
					{
						"key": "Cookie",
						"value": "token={{gTokenRestEnv}}",
						"type": "text"
					}
				],
				"body": {
					"mode": "raw",
					"raw": "{\n    \"firstname\" : \"James\"\n}",
					"options": {
						"raw": {
							"language": "json"
						}
					}
				},
				"url": {
					"raw": "https://restful-booker.herokuapp.com/booking/2115",
					"protocol": "https",
					"host": [
						"restful-booker",
						"herokuapp",
						"com"
					],
					"path": [
						"booking",
						"2115"
					]
				}
			},
			"response": []
		},
		{
			"name": "Partial Update the  Booking Copy",
			"request": {
				"auth": {
					"type": "noauth"
				},
				"method": "DELETE",
				"header": [
					{
						"key": "Cookie",
						"value": "token={{gTokenRestEnv}}",
						"type": "text"
					}
				],
				"body": {
					"mode": "raw",
					"raw": "",
					"options": {
						"raw": {
							"language": "json"
						}
					}
				},
				"url": {
					"raw": "https://restful-booker.herokuapp.com/booking/2258",
					"protocol": "https",
					"host": [
						"restful-booker",
						"herokuapp",
						"com"
					],
					"path": [
						"booking",
						"2258"
					]
				}
			},
			"response": []
		},
		{
			"name": "New Request",
			"request": {
				"method": "GET",
				"header": []
			},
			"response": []
		}
	],
	"event": [
		{
			"listen": "prerequest",
			"script": {
				"type": "text/javascript",
				"exec": [
					""
				]
			}
		},
		{
			"listen": "test",
			"script": {
				"type": "text/javascript",
				"exec": [
					""
				]
			}
		}
	],
	"variable": [
		{
			"key": "cUrl",
			"value": "https://google.com",
			"type": "string"
		},
		{
			"key": "cV",
			"value": ""
		}
	]
}